{"cameraMode":{"drawMode":0,"name":"Shaded","section":"Shading Mode"},"sceneLighting":false,"audioPlay":false,"sceneViewState":{"m_AlwaysRefresh":false,"showFog":true,"showSkybox":false,"showFlares":true,"showImageEffects":true,"showParticleSystems":true,"showVisualEffectGraphs":true,"m_FxEnabled":true},"in2DMode":false,"pivot":{"x":0.745582103729248,"y":0.06204885244369507,"z":3.3763506412506105},"rotation":{"x":0.21162818372249604,"y":0.3714401423931122,"z":-0.08736209571361542,"w":0.8997856974601746},"size":2.654545545578003,"orthographic":true}