{"cameraMode":{"drawMode":0,"name":"Shaded","section":"Shading Mode"},"sceneLighting":false,"audioPlay":false,"sceneViewState":{"m_AlwaysRefresh":false,"showFog":true,"showSkybox":false,"showFlares":true,"showImageEffects":true,"showParticleSystems":true,"showVisualEffectGraphs":true,"m_FxEnabled":true},"in2DMode":false,"pivot":{"x":-2.14644718170166,"y":1.1364634037017823,"z":0.03974437713623047},"rotation":{"x":0.0008788394625298679,"y":0.9891986846923828,"z":-0.14646875858306886,"w":0.005935321561992168},"size":1.8525168895721436,"orthographic":true}