{"cameraMode":{"drawMode":0,"name":"Shaded","section":"Shading Mode"},"sceneLighting":false,"audioPlay":false,"sceneViewState":{"m_AlwaysRefresh":false,"showFog":true,"showSkybox":false,"showFlares":true,"showImageEffects":true,"showParticleSystems":true,"showVisualEffectGraphs":true,"m_FxEnabled":true},"in2DMode":false,"pivot":{"x":-0.007324814796447754,"y":0.6172847747802734,"z":-0.006397366523742676},"rotation":{"x":0.35177940130233767,"y":0.19967012107372285,"z":-0.07708871364593506,"w":0.9112998247146606},"size":1.144375205039978,"orthographic":true}