{"cameraMode":{"drawMode":0,"name":"Shaded","section":"Shading Mode"},"sceneLighting":false,"audioPlay":false,"sceneViewState":{"m_AlwaysRefresh":false,"showFog":true,"showSkybox":false,"showFlares":true,"showImageEffects":true,"showParticleSystems":true,"showVisualEffectGraphs":true,"m_FxEnabled":true},"in2DMode":false,"pivot":{"x":-0.03024524450302124,"y":1.6218191385269166,"z":2.9527692794799806},"rotation":{"x":0.3909752666950226,"y":0.24509935081005097,"z":-0.10883857309818268,"w":0.8804700970649719},"size":2.693169593811035,"orthographic":true}