{"cameraMode":{"drawMode":0,"name":"Shaded","section":"Shading Mode"},"sceneLighting":false,"audioPlay":false,"sceneViewState":{"m_AlwaysRefresh":false,"showFog":true,"showSkybox":false,"showFlares":true,"showImageEffects":true,"showParticleSystems":true,"showVisualEffectGraphs":true,"m_FxEnabled":true},"in2DMode":false,"pivot":{"x":0.29801511764526369,"y":0.2773684859275818,"z":3.1275930404663088},"rotation":{"x":0.5870741605758667,"y":-0.05936248227953911,"z":0.0432286374270916,"w":0.8062036037445068},"size":2.146243095397949,"orthographic":true}