{"cameraMode":{"drawMode":0,"name":"Shaded","section":"Shading Mode"},"sceneLighting":true,"audioPlay":false,"sceneViewState":{"m_AlwaysRefresh":false,"showFog":true,"showSkybox":true,"showFlares":true,"showImageEffects":true,"showParticleSystems":true,"showVisualEffectGraphs":true,"m_FxEnabled":true},"in2DMode":false,"pivot":{"x":5.241888999938965,"y":2.3144404888153078,"z":0.46479129791259768},"rotation":{"x":0.17710371315479279,"y":0.04131895676255226,"z":-0.007441555615514517,"w":0.9833035469055176},"size":1.9841175079345704,"orthographic":true}