{"cameraMode":{"drawMode":0,"name":"Shaded","section":"Shading Mode"},"sceneLighting":false,"audioPlay":false,"sceneViewState":{"m_AlwaysRefresh":false,"showFog":true,"showSkybox":false,"showFlares":true,"showImageEffects":true,"showParticleSystems":true,"showVisualEffectGraphs":true,"m_FxEnabled":true},"in2DMode":false,"pivot":{"x":-0.01429630909115076,"y":1.0202418565750123,"z":0.029318511486053468},"rotation":{"x":0.3449734151363373,"y":0.6493620276451111,"z":-0.5294241905212402,"w":0.4231252670288086},"size":1.185158133506775,"orthographic":true}