{"cameraMode":{"drawMode":0,"name":"Shaded","section":"Shading Mode"},"sceneLighting":false,"audioPlay":false,"sceneViewState":{"m_AlwaysRefresh":false,"showFog":true,"showSkybox":false,"showFlares":true,"showImageEffects":true,"showParticleSystems":true,"showVisualEffectGraphs":true,"m_FxEnabled":true},"in2DMode":false,"pivot":{"x":-0.0002752840518951416,"y":0.01645655743777752,"z":-0.030234381556510927},"rotation":{"x":0.4073854684829712,"y":-0.06975521147251129,"z":0.031225932762026788,"w":0.910053014755249},"size":0.5318566560745239,"orthographic":true}