{"cameraMode":{"drawMode":0,"name":"Shaded","section":"Shading Mode"},"sceneLighting":false,"audioPlay":false,"sceneViewState":{"m_AlwaysRefresh":false,"showFog":true,"showSkybox":false,"showFlares":true,"showImageEffects":true,"showParticleSystems":true,"showVisualEffectGraphs":true,"m_FxEnabled":true},"in2DMode":false,"pivot":{"x":0.0015000104904174805,"y":0.7088040113449097,"z":0.01789247989654541},"rotation":{"x":0.2507215738296509,"y":0.2603228688240051,"z":-0.07019951194524765,"w":0.9297563433647156},"size":1.2669757604599,"orthographic":true}