{"cameraMode":{"drawMode":0,"name":"Shaded","section":"Shading Mode"},"sceneLighting":false,"audioPlay":false,"sceneViewState":{"m_AlwaysRefresh":false,"showFog":true,"showSkybox":false,"showFlares":true,"showImageEffects":true,"showParticleSystems":true,"showVisualEffectGraphs":true,"m_FxEnabled":true},"in2DMode":false,"pivot":{"x":-2.9365813732147219,"y":0.13155895471572877,"z":-3.7618300914764406},"rotation":{"x":0.2213611602783203,"y":0.28192591667175295,"z":-0.06702233850955963,"w":0.931142270565033},"size":2.8270602226257326,"orthographic":true}