{"cameraMode":{"drawMode":0,"name":"Shaded","section":"Shading Mode"},"sceneLighting":false,"audioPlay":false,"sceneViewState":{"m_AlwaysRefresh":false,"showFog":true,"showSkybox":false,"showFlares":true,"showImageEffects":true,"showParticleSystems":true,"showVisualEffectGraphs":true,"m_FxEnabled":true},"in2DMode":false,"pivot":{"x":1.3088231086730958,"y":0.4507102370262146,"z":2.916977882385254},"rotation":{"x":0.5804167985916138,"y":0.02197984606027603,"z":-0.01567503623664379,"w":0.8138720989227295},"size":1.9675747156143189,"orthographic":false}